lead_id,name,phone,email,city,education,experience,german_level,goal,source,relevant,relevance_reason,relevance_confidence,intent,profile,need,objection,missing_info,next_action,priority,priority_score,outreach,qc_status,qc_flags,duplicate_of
L001,Priya Sharma,9876543210,priya.s@email.com,Bangalore,BSc Nursing,2 years,B1,Work in Germany,Instagram,Yes,BSc qualified nurse actively seeking to work in Germany.,95,Work as a nurse in Germany,"BSc Nursing, 2 years experience, German B1 (exam not taken)",Information on eligibility criteria and total program cost,Concerned about total cost and eligibility,Planned date/timeline for taking the B1 exam,Call to clarify eligibility requirements and provide a detailed total cost breakdown,Low,2,"Hi Priya, with your 2 years of nursing experience and B1 German, you're already in a great position for Germany. We completely understand that total costs and eligibility are major considerations, so we're happy to share our transparent fee breakdown and step-by-step criteria upfront. Would you be open to a quick 5-minute call this week to go over the numbers?",OK,,
L002,Rahul Kumar,9988776655,rahul.k@email.com,Hyderabad,GNM,4 years,A2,Work in Germany,WhatsApp,Yes,GNM qualified nurse looking to work in Germany.,95,Work as a nurse in Germany,"GNM, 4 years experience, German A2",Eligibility confirmation for GNM holders and support with German learning,Finds German difficult and may need more time; unsure if GNM is eligible,Current German study routine or target timeline to reach B1/B2,Follow up to explain GNM eligibility pathways and provide a structured German learning timeline,Low,2,"Hi Rahul, your 4 years of nursing experience is a huge asset, and GNM holders are definitely eligible for the German nursing recognition pathway! German can feel challenging at A2, which is why our specialized trainers pace the B1–B2 curriculum specifically for working nurses. Would you be free for a brief chat to see how our study plan fits your schedule?",OK,,
L003,Ananya Rao,9123456780,ananya.r@email.com,Bangalore,B.Sc Nursing,1 years,B1,Explore Options,Instagram,Yes,BSc qualified nurse exploring nursing opportunities in Germany.,85,Explore nursing opportunities in Germany,"B.Sc Nursing, 1 year experience, German B1",Overview of available nursing opportunities and requirements in Germany,None stated,Target timeline for relocation and whether B1 exam is completed,Send an informational guide on German nursing opportunities and follow up to assess target timeline,Medium,3,"Hi Ananya, congratulations on reaching B1 German alongside your first year of clinical practice. German hospitals have excellent pathways for early-career nurses, and we can guide you through the exact requirements needed to make the move smoothly. Could we connect for a quick 5-minute call to walk you through the possibilities?",OK,,
L004,Neha Verma,9000011111,neha.v@email.com,Delhi,BSc Nursing,3 years,B2,Work in Germany,Referral,Yes,BSc qualified nurse with B2 German seeking nursing jobs in Germany.,100,Get placed in a nursing job in Germany,"BSc Nursing, 3 years experience, German B2 certified",Information on available nursing vacancies and the interview process,None stated,Preferred clinical specialization and preferred locations in Germany,Share current nursing vacancies and schedule an interview preparation session,High,7,"Hi Neha, holding B2 German with 3 years of clinical experience puts you in an ideal position to interview with German hospitals. We actively connect certified nurses with partner healthcare employers and help you prepare thoroughly for hospital interviews. Would you have 10 minutes for a quick call today or tomorrow to discuss current openings?",Needs review,UNVERIFIED_CLAIM: outreach mentions specific jobs/employers/guarantee — verify facts before sending,
L005,Amit Singh,9111122222,amit.s@email.com,Mumbai,BBA,3 years,,Work abroad,Instagram,No,Candidate has a non-nursing educational background (BBA).,100,,,,,,,Excluded,,,OK,,
L006,Sneha Patel,9333344444,sneha.p@email.com,Pune,BSc Nursing,2 years,B1,Work in Germany,Website,Yes,BSc qualified nurse interested in working in Germany.,95,Work as a nurse in Germany,"BSc Nursing, 2 years experience, German B1",Installment payment options and pricing flexibility,Worried about program cost,B1 certification status and budget constraints,Provide available installment payment plans and cost breakdown,Low,2,"Hi Sneha, having 2 years of nursing experience and already clearing B1 German is fantastic progress. We know managing finances is essential, which is why Skillcase offers flexible installment options to keep the program accessible. Would you be open to a quick call so I can share our payment plans with you?",OK,,
L007,Arjun Nair,9444455555,arjun.n@email.com,Chennai,GNM,,A2,Work in Germany,Facebook,Yes,GNM qualified nurse seeking jobs in Germany.,90,Work as a nurse in Germany,"GNM, experience not provided, German A2",Information on nursing jobs in Germany and basic eligibility,None stated,Years of nursing experience and German exam/certification status,Contact the lead to collect work experience details and German exam status,Medium,3,"Hi Arjun, it is great that you have already built an A2 foundation in German. We can help clarify basic eligibility criteria and hospital opportunities in Germany, even if you are just starting out in your career. Would you be free for a brief, low-pressure chat to explore the best pathway for you?",Needs review,MISSING_EXPERIENCE: experience not provided — verify before ranking,
L008,Priya Sharma,9876543210,priya.s@email.com,Bangalore,BSc Nursing,2 years,B1,Work in Germany,Instagram,Duplicate,Duplicate of L001 (same phone/email),,,,,,,,Excluded,,,Duplicate,,L001
L009,Ritika Das,9555566666,ritika.d@email.com,Kolkata,BSc Nursing,5 years,B2,Work in Germany,WhatsApp,Yes,Experienced BSc nurse with B2 German seeking placement in Germany.,100,Work as an ICU nurse in Germany,"BSc Nursing, 5 years experience (ICU), German B2",Identification of suitable ICU nursing vacancies,None stated,Updated resume and verification of B2 certificate,Present relevant ICU vacancies and initiate the employer interview matching process,High,7,"Hi Ritika, with 5 years of clinical background and B2 German completed, you have a strong profile for specialized nursing roles abroad. German hospitals have a significant demand for experienced ICU nurses, and we can match you directly with relevant departments and interview rounds. Could we set up a quick 10-minute call to discuss available ICU vacancies?",Needs review,UNVERIFIED_CLAIM: outreach mentions specific jobs/employers/guarantee — verify facts before sending,
L010,Mohit Sharma,9666677777,mohit.s@email.com,Delhi,B.Sc. Nursing,2 years,A1,Work in Germany,Instagram,Yes,BSc qualified nurse planning to learn German and relocate to Germany.,95,Learn German and work as a nurse in Germany,"B.Sc. Nursing, 2 years experience, German A1",Timeline and course details for reaching B1 and B2 German,None stated,Availability and target start date for German language training,Explain the step-by-step German learning roadmap and time required to reach B1/B2,Medium,3,"Hi Mohit, combining your 2 years of nursing experience with German training is the best foundation for a career in Germany. Our program is designed to take working nurses systematically from A1 up to B2 with flexible scheduling. Would you like to hop on a quick 5-minute call so I can share the timeline and course structure?",OK,,
L011,Divya Menon,9777788888,divya.m@email.com,Kochi,BSc Nursing,6 months,B1,Work in Germany,Website,Yes,BSc qualified nurse looking to work in Germany.,95,Work as a nurse in Germany,"BSc Nursing, 6 months experience, German B1",Clarity on employer experience requirements for German hospitals,Concerned her 6 months of experience might not meet employer criteria,B1 exam status and whether she is currently working to gain more experience,Clarify employer experience criteria and discuss suitability with 6 months of experience,Low,2,"Hi Divya, achieving B1 German so early in your career is commendable! While some German employers look for clinical experience, you will naturally build additional bedside months while you complete B2 and your recognition documents. Would you be free for a short call to discuss how your 6 months of experience fits into a realistic timeline?",Needs review,UNVERIFIED_CLAIM: outreach mentions specific jobs/employers/guarantee — verify facts before sending,
L012,Rohan Mehta,9888899999,rohan.m@email.com,Ahmedabad,BSc Nursing,3 years,B1,Work in Canada,Instagram,No,Looking for opportunities in Canada rather than Germany.,100,,,,,,,Excluded,,,OK,,
L013,Kavya Iyer,9999900000,kavya.i@email.com,Bangalore,BSc Nursing,2 years,B1,Work in Germany,Instagram,Yes,BSc qualified nurse ready to begin the relocation process to Germany.,100,Begin the relocation and placement process for Germany immediately,"BSc Nursing, 2 years experience, German B1",Required document checklist and onboarding steps,None stated,B1 certification status and readiness to start B2,Call her tomorrow as requested with the required document list and next steps,High,5,"Hi Kavya, your 2 years of experience and B1 German give you an excellent head start to begin the relocation process. We have a clear document checklist and onboarding roadmap ready to help you take the next steps without delays. When would be a good time for a quick 5-minute call to go over the checklist?",OK,,
L014,Sanjay Rao,9000090000,sanjay.r@email.com,Hyderabad,GNM,7 years,B2,Work in Germany,Referral,Yes,GNM qualified nurse with B2 German seeking work in Germany.,95,Work as a nurse in Germany,"GNM, 7 years experience, German B2",Confirmation of whether GNM qualification is accepted in Germany,Unsure if GNM qualification will be recognized/accepted,Specific nursing registration and academic transcripts for recognition assessment,Conduct a qualification check on his GNM credentials and explain the recognition pathway,Medium,4,"Hi Sanjay, with 7 years of nursing experience and B2 German, your clinical profile is very impressive. To reassure you: GNM qualifications are widely accepted for German nursing recognition (Anerkennung) through established adaptation pathways. Let’s schedule a brief 5-minute call so we can explain how the recognition process works for your degree.",Needs review,"PRIORITY_MISMATCH: B2 + 7yrs but ranked Medium — likely under-scored, human review",
L015,Meera Joshi,9111191111,meera.j@email.com,Pune,BSc Nursing,2 years,B1,Work in Germany,Instagram,Yes,BSc qualified nurse interested in relocating to Germany.,90,Work as a nurse in Germany (delayed),"BSc Nursing, 2 years experience, German B1",Affordable payment terms or financing options,Cannot afford the course right now,Timeline for when she expects to have funds available,"Present installment or deferred payment options, or schedule a future follow-up",Low,2,"Hi Meera, you've done fantastic work completing B1 alongside your 2 years of nursing experience. We understand that upfront costs can be difficult right now, which is why Skillcase offers flexible installment structures so finances do not pause your progress. Would you be open to a quick, low-pressure chat to see if our payment terms work for your situation?",OK,,
L016,Farhan Ali,9222292222,farhan.a@email.com,Lucknow,BPharm,4 years,B1,Work in Germany,Facebook,No,Pharmacist background rather than a nursing qualification.,100,,,,,,,Excluded,,,OK,,
L017,Aisha Khan,9333393333,aisha.k@email.com,Bangalore,BSc Nursing,3 years,B1,B2 Preparation,Website,Yes,BSc qualified nurse preparing for German B2 on the Germany relocation pathway.,80,Prepare for and pass the German B2 exam,"BSc Nursing, 3 years experience, German B1",Supplementary B2 practice and exam preparation support,Already enrolled in another German language course,Target B2 exam date and current course completion timeline,Pitch a targeted B2 exam preparation and practice package,High,6,"Hi Aisha, having 3 years of experience and a B1 certificate shows great dedication toward moving to Germany. Even if you're enrolled in another course, we provide focused B2 exam drills, medical terminology support, and hospital interview training to ensure you clear your B2 smoothly. Would you be open to a brief call to see how our supplementary support fits your schedule?",Needs review,LOW_CONFIDENCE: classifier only 80% sure — human check,
L018,Manish Gupta,9444494444,manish.g@email.com,Jaipur,BSc Nursing,1 years,A2,Work in Germany,Instagram,Yes,BSc qualified nurse pursuing German language to work in Germany.,95,Work as a nurse in Germany,"BSc Nursing, 1 year experience, German A2",Guidance on application timing and language milestones,None stated,Current study schedule and target timeline to complete B1/B2,Clarify that B2 is generally required for hospital placement and outline the progression timeline,Medium,4,"Hi Manish, holding A2 German alongside your year of clinical experience is a solid start. We can help you map out exact milestones from B1 to B2 and guide you on the ideal time to apply to German hospitals. Do you have 5 minutes for a quick introductory call this week?",OK,,
L019,Sonal Kapoor,9555595555,sonal.k@email.com,Delhi,BSc Nursing,4 years,B2,Work in Germany,WhatsApp,Yes,BSc qualified nurse with B2 German looking for nursing roles in Germany.,100,Work as a nurse in Germany,"BSc Nursing, 4 years experience, German B2 certified",Interview preparation and details on active hospital openings,None stated,Department preferences and availability for employer interviews,Share active nursing openings and set up an interview preparation session,High,7,"Hi Sonal, holding B2 German with 4 years of nursing experience means you are ready for active employer interviews in Germany. Our team coordinates with reputable hospital networks and provides thorough interview preparation tailored to German medical standards. Could we arrange a brief 10-minute call to review current vacancies and next steps?",Needs review,UNVERIFIED_CLAIM: outreach mentions specific jobs/employers/guarantee — verify facts before sending,
L020,Varun Shah,9666696666,varun.s@email.com,Mumbai,Engineer,5 years,,Work in Germany,Instagram,No,"Candidate is an engineer seeking software jobs, not a nurse.",100,,,,,,,Excluded,,,OK,,
L021,Neha Verma,9000011111,neha.v@email.com,Delhi,BSc Nursing,3 years,B2,Work in Germany,Referral,Duplicate,Duplicate of L004 (same phone/email),,,,,,,,Excluded,,,Duplicate,,L004
L022,Reema Thomas,9777797777,reema.t@email.com,Kochi,BSc Nursing,2 years,B1,Work in Germany,Website,Yes,BSc qualified nurse seeking end-to-end placement in Germany.,95,Work as a nurse in Germany,"BSc Nursing, 2 years experience, German B1",Full process breakdown from German learning to hospital placement,None stated,B1 certification status and preferred call time,Call her to present the end-to-end roadmap from B1/B2 learning to hospital placement,High,5,"Hi Reema, congratulations on achieving B1 German while actively building 2 years of nursing experience! Moving to Germany involves several milestones, and we would love to share a clear breakdown from your B2 finish to hospital matching and visa filing. Would you be free for a quick call this week to review the roadmap?",OK,,
L023,Akash Verma,9888898888,akash.v@email.com,Noida,BSc Nursing,2 years,,Work in Germany,Instagram,Yes,BSc qualified nurse aiming to work in Germany.,90,Work as a nurse in Germany,"BSc Nursing, 2 years experience, German level not shared",Information on the German pathway and language requirements,None stated,Current German language level,Contact the lead to determine his current German language proficiency level,Low,1,"Hi Akash, your 2 years of nursing experience gives you a solid clinical background for the German healthcare sector. To practice in Germany, Indian nurses complete German language training up to B2 alongside document recognition, and Skillcase guides you from scratch. Would you be open to a brief 5-minute call to learn how the pathway works?",Needs review,MISSING_GERMAN_LEVEL: language level unknown — job-readiness uncertain,
L024,Pooja Reddy,9999919999,pooja.r@email.com,Hyderabad,BSc Nursing,8 years,B2,Work in Germany,Referral,Yes,Experienced BSc nurse with B2 German looking for German employer placement.,100,Identify suitable employers and secure a nursing job in Germany,"BSc Nursing, 8 years experience, German B2",Assistance in identifying and connecting with suitable German hospital employers,None stated,Clinical department specialization and preferred work locations,Present suitable hospital options matched to her 8 years of experience and initiate placement steps,High,5,"Hi Pooja, with 8 years of rich clinical expertise and your B2 German already completed, you are fully prepared for placement in Germany. Skillcase works closely with top German hospital networks and can introduce your profile directly to matching employers. When would be a convenient time for a quick 10-minute call to discuss active openings?",Needs review,UNVERIFIED_CLAIM: outreach mentions specific jobs/employers/guarantee — verify facts before sending,
L025,Raj Malhotra,9000012345,raj.m@email.com,Chandigarh,GNM,3 years,B1,Work in UK,Instagram,No,Candidate wants to relocate to the UK instead of Germany.,100,,,,,,,Excluded,,,OK,,
L026,Shreya Bose,9111123456,shreya.b@email.com,Kolkata,BSc Nursing,2 years,A2,Work in Germany,Instagram,Yes,BSc qualified nurse wanting to learn German to work in Germany.,95,Work as a nurse in Germany,"BSc Nursing, 2 years experience, German A2",A structured German learning path and confidence-building support,Nervous and lacks confidence about learning the German language,Specific language learning difficulties and study availability,Walk her through Skillcase's structured language curriculum and student support to address her hesitation,Low,1,"Hi Shreya, with 2 years of experience and A2 German already in hand, you're further along than you think! Learning German can feel intimidating, but our small live batches and nurse-focused mentors are designed to build your confidence step by step toward B2. Would you be open to a relaxed chat to see how our teaching approach supports you?",OK,,
L027,Nitin Yadav,9222234567,nitin.y@email.com,Patna,BSc Nursing,2 years,B1,Work in Germany,WhatsApp,Yes,BSc qualified nurse seeking application guidance for working in Germany.,95,Work as a nurse in Germany,"BSc Nursing, 2 years experience, German B1",Realistic relocation timeline and clarity on whether to apply before B2,Uncertain about application timing relative to B2 completion,B1 exam status and ideal target relocation date,Provide a realistic roadmap explaining when job applications begin and the necessity of B2,Medium,3,"Hi Nitin, your 2 years of nursing experience and B1 German level put you in a great spot right now. You don't necessarily have to wait until B2 completion to prepare your documents and begin hospital introductions, as employers often start early while you finish B2. Would you have 5 minutes for a quick chat to discuss the most practical timeline for you?",Needs review,UNVERIFIED_CLAIM: outreach mentions specific jobs/employers/guarantee — verify facts before sending,
L028,Priya Sharma,9876543210,priya.s@email.com,Bangalore,BSc Nursing,2 years,B1,Work in Germany,Instagram,Duplicate,Duplicate of L001 (same phone/email),,,,,,,,Excluded,,,Duplicate,,L001
L029,Deepa Krishnan,9333377777,,Chennai,BSc Nursing,3 years,B2,Work in Germany,Website,Yes,B2 certified BSc nurse seeking job placement in Germany.,95,Understand available nursing jobs and secure placement in Germany,"BSc Nursing, 3 years experience, German B2",Details on available nursing vacancies in Germany,None stated,Email address,Contact via available channel to collect her email address and share open nursing vacancies,High,7,"Hi Deepa, holding B2 German alongside 3 years of nursing experience puts you in high demand with German hospitals. We are currently coordinating with several healthcare facilities actively interviewing qualified nurses across multiple specialties. Could we connect for a quick 10-minute call to discuss vacancies that fit your background?",Needs review,MISSING_EMAIL: no email on file — cannot send email outreach | UNVERIFIED_CLAIM: outreach mentions specific jobs/employers/guarantee — verify facts before sending,
L030,Karan Joshi,9444488888,karan.j@email.com,Delhi,BSc Nursing,2 years,B1,Work in Germany,Instagram,Yes,BSc qualified nurse looking for job placement in Germany.,90,Work as a nurse in Germany,"BSc Nursing, 2 years experience, German B1",Clear details on Skillcase's service scope and placement support,Concerned about whether job placement is guaranteed,B1 certification status and specific career expectations,"Call to transparently explain Skillcase's deliverables, placement process, and role in hospital matching",Medium,3,"Hi Karan, your 2 years of nursing experience and B1 German level are a strong foundation for relocation. While no ethical agency can legally guarantee a job, Skillcase provides comprehensive B2 training, recognition processing, and interview preparation to connect you directly with German hospital employers. Would you be open to a quick call to see exactly how our placement support works?",Needs review,UNVERIFIED_CLAIM: outreach mentions specific jobs/employers/guarantee — verify facts before sending,
